Name,Description,Designator,Footprint,LibRef,Quantity

"RESET (Black)","SE PUSHBUTTON","B41","PB-6X6mm-Black","SW PUSHBUTTON","1"
"USER (Blue)","SE PUSHBUTTON","B42","PB-6X6mm-Blue","SW PUSHBUTTON","1"
"BOOT0","SE PUSHBUTTON","B43","PB-6X6mm-Blue","SW PUSHBUTTON","1"
"100nF","Capacitor 0402 / 0603 / 0805, Capacitor","C1, C4, C5, C6, C10, C11, C15, C16, C17_U_ADC1, C17_U_ADC2, C18_U_ADC1, C18_U_ADC2, C21_U_Can1, C21_U_Can2, C22, C43, C45, C48, C49, C50, C51, C52, C56, C57, C58, C59, C61, C62, C63, C64, C65","0603C","Capacitor_ST, CAP","31"
"30pF","Capacitor 0402 / 0603 / 0805","C2, C12","0603C","Capacitor_ST","2"
"470pF","Capacitor 0402 / 0603 / 0805","C3","0603C","Capacitor_ST","1"
"TC1206KKX7RDBB102","Capacitor 0402 / 0603 / 0805/ 1206","C7","1206C","Capacitor_ST","1"
"10uF","Polarized Capacitor,10uF,10V,10%,typeA,VISHAY","C8","TAN-A","Cap_10uF_POL_10%_TANA","1"
"1uF_X5R_0603","0603  X5R 1µF","C9, C60","0603C","CAP SMD 0603  X5R 1µF 25V 10%","2"
"1uF","0603  X5R 1µF, Capacitor","C13, C14, C46","0603C","CAP SMD 0603  X5R 1µF 25V 10%, Cap","3"
"4.7nF","Capacitor","C19_U_Can1, C19_U_Can2","0603C","CAP","2"
"47uF","Capacitor","C20_U_Can1, C20_U_Can2","0603C","CAP","2"
"4.3pF[N/A]","Capacitor","C41, C42","0603C","CAP","2"
"4.3pF","Capacitor","C44, C47","0603C","CAP","2"
"2.2uF_X7R","Capacitor,2.2uF,16V, X7R,10%,0805,YAGEO","C53, C55","TAN-A","Cap_2.2uF_X7R_10%_0805","2"
"10uF_X5R_0603","0603  X5R 4.7uF","C54","0603C","CAP SMD 0603  X5R 1µF 25V 10%","1"
"4.7uF_X5R_0603","0603  X5R 4.7uF","C66","0603C","CAP SMD 0603  X5R 1µF 25V 10%","1"
"KRJ-CB4.2GYZNL","100 Base-TX (Fast Ethernet) SMD RJ45 single port (1x1) with LEDS Integrated Magnetics Connector","CN1","RJ45_KRJ-CB4.2GYZNL","KRJ-CB4.2GYZNL","1"
"Header 18X2_Male","Header, 18-Pin, Dual row,male","CN41","HDR_2x18_2R54_V_M","Header 18X2_Male","1"
"Header 6X1","Header, 6-Pin, Single row","CN42","HDR_1x6_2R54_V_M","Header 6X1","1"
"475900001","","CN43","MOLEX_47590001","475900001","1"
"BAT60JFILM","BAT60JFILM","D41, D48","SOD-323","BAT60JFILM","2"
"ESDA6V1BC6","4-line ESD protection","D42, D43, D46, D47","SOT23-6L","ESDA6V1BC6","4"
"PESD2CANFD24V-TR","TVS DIODE 24VWM 42VC TO236AB","D44, D45","FP-SOT23-IPC_A","CMP-14436-000014-1","2"
"1845040000","OMNIMATE Signal - series LM","E41","LM_3_5_90_04","CMP-1559-01732-1","1"
"MF-MSMF050-2","PTC RESET FUSE 15V 500MA 1812","F41","FP-MF-MSMF050-2-MFG","CMP-2100-03653-2","1"
"BLM18PG121SN1D","Chip Ferrite Bead, 0603, 120O @ 100MHz, 0.05O, 25%, 2A","FB41","FP-BLM18-0_15-t0_8-IPC_A","CMP-0686-00557-7","1"
"B2B-EH-A(LF)(SN)","CONN HEADER VERT 2POS 2.5MM","J41, J42","FP-B2B-EH-A_LF_SN-MFG","CMP-17439-000026-1","2"
"BEAD","Inductor","L1","0603L","Inductor","1"
"Green","Typical RED, GREEN, YELLOW, AMBER GaAs LED","LD1, LD2, LD41","0603D-G","LED2","3"
"Red","Typical RED, GREEN, YELLOW, AMBER GaAs LED","LD42","0603D-R","LED2","1"
"Blue","Typical RED, GREEN, YELLOW, AMBER GaAs LED","LD43","0603D-B","LED2","1"
"50","Resistor,50,0603,1%,YAGEO","R1, R2, R6, R7","0603R","Res_50_1%_0603","4"
"10K","Resistor 0402 / 0603 / 0805, Resistor","R3, R4, R5, R10, R18, R21, R33, R41, R48, R52","0603R","Resistor_ST, Res1","10"
"33","Resistor,33,0402,1%,YAGEO, Resistor","R8, R9, R16, R19, R34, R55, R60","0603R","Res_33_1%_0402, Res1","7"
"75","Resistor,75,0603,1%,YAGEO","R11, R12, R13, R14","0603R","Res_75_1%_0603","4"
"12K1","Resistor,12K1,0603,1%,VISHAY","R15","0603R","Res_12K1_1%_0603","1"
"1K5","Resistor,1K5,0402,1%,YAGEO","R17","0603R","Res_1K5_1%_0402","1"
"270","Resistor 0402 / 0603 / 0805","R20, R22","0603R","Resistor_ST","2"
"330","Resistor","R23, R66, R74","0603R","res1","3"
"1K","Resistor 0402 / 0603 / 0805, Resistor","R24, R28_U_ADC1, R28_U_ADC2, R50","0603R","Resistor_ST, Res1","4"
"47K","Resistor","R25","0603R","res1","1"
"22K","Resistor","R26","0603R","res1","1"
"100K","Resistor 0402 / 0603 / 0805","R27_U_ADC1, R27_U_ADC2","0603R","Resistor_ST","2"
"220K","Resistor 0402 / 0603 / 0805, Resistor","R29_U_ADC1, R29_U_ADC2, R76, R78","0603R","Resistor_ST, res1","4"
"60 Ohm","Resistor","R30_U_Can1, R30_U_Can2, R32_U_Can1, R32_U_Can2","0603R","Res1","4"
"0 Ohm","Resistor","R31_U_Can1, R31_U_Can2","0603R","Res1","2"
"100","Resistor 0402 / 0603 / 0805, Resistor","R42, R51, R54, R56, R57, R58, R59, R61, R62, R63, R64, R65, R67, R68, R69, R70, R73, R75, R77","0603R","Resistor_ST, Res1","19"
"22","Resistor 0402 / 0603 / 0805","R43, R44, R45, R46","0603R","Resistor_ST","4"
"200K","Resistor","R47","0603R","res1","1"
"510","Resistor","R49","0603R","Res1","1"
"680","Resistor","R53","0603R","Res1","1"
"0","Resistor","R71, R72","0603R","Res1","2"
"Close","Circuit Breaker","SB41","SB_0603","Circuit Breaker","1"
"9013","NPN Bipolar Transistor","T1","SOT-23","NPN","1"
"USBLC6-4SC6","","U1, U43","SOT23-6L","USBLC6-4SC6","2"
"KMS-1102NL","","U2","Transformer","KMS-1102NL","1"
"LAN8742A-CZ-TR","LAN8742A-CZ-TR - Small Footprint RMII 10/100 Ethernet, Transceiver with HP Auto-MDIX and flexPWR Technology SQFN-24","U3","QFN24_0R5_4X4","LAN8742A-CZ-TR","1"
"LD39050PU33R","","U4","DFN6_0R95_3x3_TP","LD39050P","1"
"OPA350EA/250","High-Speed, Single-Supply, Rail-to-Rail Operational Amplifier MicroAmplifier(TM) Series, 2.7 to 5.5 V, -40 to 85 degC, 8-pin SOP (DGK8), Green (RoHS & no Sb/Br)","U5_U_ADC1, U5_U_ADC2","DGK0008A_M","CMP-0272-01143-3","2"
"SN65HVD230QDRG4Q1","Automotive Catalog 3.3 V CAN Transceiver, 17 mA, -40 to 125 degC, 8-pin SOIC (D), Green (RoHS & no Sb/Br)","U6_U_Can1, U6_U_Can2","D0008A_M","CMP-0315-00041-2","2"
"SST25VF040B-50-4I-S2AF","4 Mbit SPI Serial Flash, 2.7 to 3.6 V, 50 MHz, -40 to 85 degC, 8-pin SOIC (S2A8), Tube","U7","MCHP-SOIC-S2A8_N","CMP-0378-00057-1","1"
"TSV631AILT","","U41","SOT-23-5L","TSV631AILT","1"
"MCU_LQFP144","","U42","LQFP144_0R5_SKT - sin_zocalo_UWU","MCU_LQFP144","1"
"X53T-C20SSA-25.000MHz","Crystal Oscillator","X1","XTAL_2SM_5R0X3R2","XTAL_5032","1"
"NX3215SA-32.768KHZ-EXS00A-MU00525","Crystal","X41","XTAL_2SM_3R2X1R5","CRYSTAL_32K","1"
"NX3225GD-8.000M-EXS00A-CG04874","Crystal Oscillator","X42","OSC_2SM_3R2x2R5","XTAL","1"
